LotArea,YearBuilt,TotalBsmtSF,GrLivArea,FullBath,BedroomAbvGr,GarageCars,GarageArea,SalePrice
17295,1965,412,1019,2,4,1,167,277544
2360,2017,441,3724,1,2,1,953,392016
6890,1986,692,1358,1,4,0,714,399880
13464,2003,1436,673,3,4,2,340,317614
12784,1963,1916,1866,3,1,1,660,277467
7765,2004,537,3552,3,5,3,913,196025
18350,1997,372,2978,2,3,1,694,285652
5926,1956,871,1226,2,4,2,924,481723
15923,1956,363,2210,3,5,3,151,405113
12863,1982,664,2375,2,3,2,585,141493
17523,1972,1194,3397,3,4,0,876,318667
9822,1968,696,2181,2,3,3,912,267995
3185,1968,899,1847,1,5,2,273,238262
2269,1985,594,1489,1,2,3,553,490977
3933,1978,902,3186,3,5,2,495,343313
6811,2009,507,919,2,1,3,723,95641
6551,1951,1991,1093,2,3,2,100,204062
7920,1950,382,3032,1,2,0,556,79661
19068,1996,828,2274,1,3,3,81,194491
7896,2018,709,2959,3,3,3,528,326601
10166,1969,1931,1435,1,4,3,72,379744
19931,1960,745,1607,3,1,3,13,153619
4247,1951,1787,1636,1,3,0,432,388246
1689,2016,823,831,1,5,3,156,83085
4505,1961,1987,3949,2,5,1,734,147064
3399,1969,793,3202,1,4,0,131,231726
2767,1954,943,2588,1,1,1,337,449346
19412,1986,1450,2293,3,1,3,403,155723
12894,1987,1968,1458,1,5,2,375,183114
5056,1958,1956,604,3,2,1,887,382278
5390,2002,1659,701,1,4,3,558,355126
10338,1993,1645,2997,1,4,1,106,377329
16002,1973,753,2342,3,5,3,619,83477
12127,1979,220,2366,2,5,3,264,164161
10292,2008,753,2496,3,2,3,204,364853
12055,1963,596,1789,3,2,2,78,209788
11753,1958,824,1409,3,1,1,154,390281
9933,1989,304,709,2,4,0,782,348162
11733,2015,391,1062,1,4,0,987,189133
12516,1974,216,3689,3,5,0,996,189681
4112,2022,1343,3260,3,1,0,246,347515
17287,1971,592,3948,2,4,3,530,291422
18659,1953,624,2063,3,1,1,857,395165
13706,1975,328,1270,1,1,1,947,464021
9726,2007,1353,3655,2,5,2,537,320001
16041,1978,771,3001,1,1,1,728,192692
4652,1986,1783,3214,1,2,1,153,58177
3085,2019,228,1128,2,2,1,153,473327
5443,1967,1320,2128,3,3,2,685,301842
2521,1991,1233,2201,1,5,0,91,400722
13153,1990,441,886,1,3,1,432,139941
12305,1987,431,2435,1,2,2,337,308121
14917,1983,988,3921,1,3,2,479,61826
9489,1966,1507,2843,2,5,3,692,194962
11192,1986,914,2805,2,5,2,130,394572
14490,1974,958,1604,1,1,0,449,176044
8373,1976,1001,767,3,4,1,992,239103
7175,2006,975,2966,1,1,2,809,387164
1661,1980,925,2782,3,5,0,786,55495
5797,1955,399,2356,1,2,2,272,78481
2495,1989,1144,3882,3,2,2,928,192339
13034,1961,278,2498,1,1,2,587,430041
9129,2002,1155,3533,3,5,2,176,286774
2516,2020,1055,1880,1,2,2,695,187815
10029,1959,1396,1736,1,5,0,830,498016
18762,1994,666,1073,3,2,1,642,153475
10768,1966,780,548,2,5,1,874,229845
13685,1975,1639,1650,3,3,1,48,369186
7831,2011,1139,722,2,5,1,566,99476
10071,1995,648,3468,1,5,0,665,273177
8708,2013,286,3850,3,1,3,354,340696
6776,1951,300,1931,3,3,3,711,246314
19946,2003,1231,2028,3,4,0,307,488988
17948,2014,1044,3865,2,1,0,867,486946
17716,2000,1423,2319,2,4,2,884,210020
9506,2002,1728,2824,1,2,2,629,257383
4068,1985,286,1961,2,4,2,774,119093
3527,1975,242,1630,2,5,1,45,119123
4195,1978,1608,2181,1,4,2,301,66535
16922,1970,1844,2967,3,1,3,867,378634
6758,1960,1658,3158,3,1,1,911,96562
8236,1989,607,874,1,4,2,407,431186
1891,1960,1706,2620,3,1,1,188,306323
15486,1985,863,2521,2,1,3,821,401224
14166,2008,1240,1553,1,4,2,829,308916
7392,1988,1868,3759,1,3,3,128,239607
5061,2003,347,3935,1,3,3,560,280063
7684,2004,476,2389,3,2,3,536,91269
9892,1973,431,2323,1,1,2,265,130674
14567,1971,565,1974,1,4,0,117,354606
16765,2018,1451,2742,1,1,2,463,446343
3954,2005,1874,1679,3,5,3,143,335291
13337,1982,635,3743,2,1,2,441,488744
15539,1985,598,3394,1,1,3,199,127095
12465,1969,1434,1564,2,3,0,156,294172
11262,2011,1614,3634,3,4,1,486,250003
6556,2022,698,2570,3,1,0,859,140925
16448,1975,739,859,3,3,0,133,116381
9610,2015,762,3646,3,2,1,911,149468
15273,2022,1714,3107,2,3,2,147,292330
18912,2022,641,3219,1,3,1,335,375893
2002,1989,1484,2541,3,3,2,70,481888
8410,1966,972,1641,3,1,2,232,63731
14185,1950,549,2135,2,1,3,333,436791
1706,2010,1575,1903,2,2,3,810,497728
19368,1992,719,2443,3,5,1,665,101024
17434,1991,1543,1178,1,5,0,89,166712
18747,1974,337,3861,1,5,1,333,151121
10255,1988,1773,2987,3,2,2,198,315976
13883,1984,1846,3480,2,5,3,160,82332
19641,1952,1191,506,3,5,1,537,62467
16320,1993,567,3767,3,3,1,120,91025
9074,2000,1443,2968,2,1,3,300,194179
7874,1961,1560,2091,3,1,3,723,127994
3178,1968,1446,1332,3,3,3,574,144202
2559,1993,1871,3764,3,3,2,962,93481
17698,2008,1991,3106,2,3,3,435,445797
11414,1998,559,3719,1,1,0,67,125118
12317,2010,1120,2310,1,5,1,764,436154
12421,1966,528,3773,2,3,3,921,494854
11289,2006,1161,1413,1,2,3,458,173714
17812,2004,662,2511,3,3,2,513,451634
12752,1996,1145,1942,1,4,2,397,274699
4193,1961,1162,1950,3,3,1,619,210185
15431,2011,1784,3554,1,1,0,285,134363
5127,1957,1605,2002,2,3,1,560,435751
17657,1970,1035,625,1,4,3,139,375188
11673,2019,1813,2942,1,2,0,729,261027
19547,2021,1840,1316,1,5,0,555,323958
11730,1974,368,3428,2,3,0,928,411484
17207,1961,416,2329,1,4,0,780,322168
12994,1964,577,1075,2,4,1,589,244360
2806,2008,318,2872,3,2,2,727,421380
8276,1975,389,1915,1,1,2,893,107836
10974,1975,966,1429,2,3,3,609,319579
9026,1996,569,1963,2,4,2,747,305095
7030,1981,348,3775,1,2,2,281,382745
5248,1959,1899,1332,3,5,2,660,311176
15045,1965,851,1554,2,4,2,923,433015
2163,2020,1711,3959,1,2,3,815,299717
3498,1966,969,2148,3,1,1,995,184479
9494,1972,573,2400,2,1,0,935,411087
19379,1975,980,1957,2,4,2,577,82940
4804,1956,1916,3384,3,4,1,745,55666
19737,1963,359,3473,3,3,2,456,349266
15308,1956,550,1899,1,2,2,86,430791
8085,1958,1511,3915,1,4,0,78,206164
19175,1997,1511,942,2,3,0,204,441897
13149,2021,1091,2622,3,3,0,790,435546
3136,2008,1449,1056,3,4,2,336,256717
18582,1988,722,1678,3,1,2,253,413334
6237,1967,721,2537,2,2,2,303,412612
16055,2008,982,862,3,2,0,379,441351
15377,1966,472,2995,3,1,3,129,76505
2354,1963,1135,1757,2,4,1,595,86713
7355,1980,1625,2341,1,2,3,275,497603
8892,1973,382,2809,1,4,2,698,355313
15449,2009,1888,2350,2,4,2,557,254354
19591,1994,687,2672,3,3,3,898,127511
7291,1952,1045,1410,2,1,2,182,494958
6431,1986,323,744,1,4,1,267,352666
1702,1992,1184,1041,1,5,2,807,262204
12947,1989,1849,3032,2,1,1,321,300694
14188,2004,989,2669,2,2,3,511,299836
5889,1988,613,2672,1,3,3,611,284561
3827,1964,1948,2072,2,2,2,77,411541
9504,1953,1395,2717,1,2,1,783,53880
9277,1974,1511,623,2,1,2,338,486670
1697,1962,1658,3606,2,2,0,673,498927
3430,1982,885,3658,2,4,0,555,93539
13274,1965,312,3193,1,2,0,508,290056
16587,1991,1087,2231,2,3,0,237,269057
10839,2015,321,1285,1,3,2,133,64799
13089,2004,1767,2543,1,5,0,972,154843
17208,1991,1445,2748,2,3,1,191,493942
18543,1983,1854,2916,2,2,3,355,98784
4311,1979,238,1296,1,3,3,277,163034
15743,1962,696,576,1,1,0,17,486549
8046,1962,979,558,3,3,0,523,484044
3486,1967,1456,2978,1,4,0,179,250598
9838,1981,1142,3185,3,1,2,122,104362
12911,1988,1753,2023,3,5,3,245,103997
4411,1995,348,2436,3,4,0,733,231413
3234,1978,1620,2656,2,2,1,372,462289
19727,2011,1221,3555,2,2,0,50,414543
10180,2011,860,1801,1,2,3,999,326693
19843,2006,1861,567,3,4,0,70,369064
7259,1965,501,3640,2,4,3,479,266398
3885,2005,1583,3736,2,4,0,559,310464
12611,1959,437,2852,2,1,1,18,463532
6236,1979,846,2432,2,1,0,773,207255
3302,1974,862,3221,2,2,1,83,406004
9655,1954,435,864,3,3,1,154,74624
9620,2014,1959,1320,3,2,0,564,243587
8116,1998,402,1902,3,5,1,618,284784
15757,1952,455,2890,3,1,2,356,96705
15986,1994,797,1446,1,4,0,815,139326
18146,1963,861,3446,3,1,0,646,469972
15575,1979,434,2077,2,4,1,442,372534
10708,2017,1568,1877,3,5,1,68,118369
17871,1967,733,1939,1,5,0,522,251893
13335,2011,1059,3680,2,1,2,142,321733
14668,1986,1689,1261,3,4,1,191,163012
3549,1974,969,840,3,5,1,386,457332
6923,1997,740,3489,3,2,3,377,385325
16089,2014,412,882,2,2,2,580,225858
8658,2002,662,1503,2,4,2,534,275758
11748,2022,635,2056,1,1,0,692,173711
8900,1964,482,799,2,5,2,292,126425
11374,1998,1785,638,2,1,0,8,473502
16651,2017,1830,858,3,2,3,270,65994
2654,1961,1686,1335,2,5,2,386,161915
5999,2008,1630,2022,3,1,1,92,435105
7795,1986,287,3956,3,3,3,965,154672
13683,2010,1267,2127,2,4,0,528,338783
14374,1992,660,2482,1,4,3,153,329349
19532,2019,477,1803,1,3,0,404,368821
7039,1988,1906,3030,2,2,3,839,82930
11137,2005,620,1408,1,5,0,148,123313
17086,2012,1924,1634,3,4,2,888,274923
4057,1995,1576,3413,3,3,1,266,163153
7092,1960,895,2686,2,3,0,421,330460
17982,2011,714,1495,1,2,3,839,470520
3700,1974,902,2982,1,2,0,617,282911
15672,2020,1853,3056,3,1,0,471,146058
4461,2001,218,2820,2,4,0,892,137876
15707,1953,222,3670,1,1,3,546,135366
13469,2008,612,2651,2,3,1,630,63403
4369,2021,1253,1737,1,5,2,525,392196
18840,1969,307,2284,3,5,1,502,298550
15492,2012,1590,3309,3,2,0,13,311420
7199,2003,1504,3334,2,5,3,777,385639
5487,2006,1351,664,3,5,1,651,213004
14946,1990,1452,1498,1,5,0,805,408234
2718,1952,1334,3067,3,3,2,363,348845
6235,1955,335,1807,2,5,2,118,446601
12796,1954,561,3064,2,5,2,237,302396
6055,1954,1409,1156,2,5,0,545,107241
10646,2003,1879,3160,1,1,3,168,191439
9550,1996,1807,2711,1,3,1,521,115030
14257,1998,328,2409,1,2,2,633,227577
18929,1958,1484,2546,1,1,0,912,214404
8393,1969,714,2611,1,4,0,656,257397
19577,2010,648,3662,3,3,1,962,478484
15873,1984,1327,1640,1,3,2,957,468779
16065,1999,1706,2389,1,4,0,734,155185
4936,2011,1447,766,3,4,1,882,86404
10254,1966,1073,2345,1,4,3,768,105182
12177,1952,1714,2208,2,2,3,779,345135
7395,1981,672,3711,1,5,3,870,154601
18109,1962,1233,2793,1,3,2,515,228735
17136,2022,1628,2942,2,5,1,937,378030
8522,2017,501,2010,2,5,1,396,172002
10651,1963,430,975,2,4,0,865,395992
7100,1960,1954,1476,2,2,0,105,467343
9496,2005,1122,1707,1,1,0,84,369836
10507,2016,1289,1543,2,2,1,213,275461
14446,1978,1136,2460,2,5,0,120,349644
6142,1958,311,1057,3,2,1,131,345929
12812,2016,1236,1517,2,4,1,849,134146
9179,1974,1616,2105,2,1,3,196,97997
9708,1991,699,1382,3,4,0,18,57170
12216,1958,1131,2694,3,1,3,641,194375
18953,1989,797,1165,1,5,2,11,383887
4944,1974,433,3875,3,1,2,80,85187
12257,1954,801,3167,1,1,2,329,246106
15934,1960,513,2271,3,1,1,865,182965
2560,2008,765,3367,3,2,1,773,194825
4920,1987,1235,1363,1,2,1,391,88090
1801,2021,408,1081,3,5,0,636,371556
13968,1954,1237,3570,1,1,3,306,303478
18490,1997,1856,1194,3,3,1,266,368174
2199,1967,1641,1751,2,5,3,446,67509
1690,2019,1660,3673,3,1,3,440,118653
11992,1986,1600,2110,1,1,3,894,218001
18864,2009,1243,3988,3,2,0,651,441770
4475,1997,786,1739,1,5,0,840,491507
7602,1977,1978,2954,1,1,2,1,316186
19068,2018,1958,898,2,1,2,519,243646
3316,1989,1214,2446,2,5,3,761,349345
2069,1994,1293,1214,1,3,2,650,273354
6942,2011,1434,1203,3,5,3,635,64016
3395,2007,1324,3308,1,5,0,308,337166
5363,2016,897,3046,1,3,0,739,282034
14413,2005,331,2214,3,5,0,521,77938
8955,1989,1846,2472,3,1,1,468,224750
5514,1989,1604,3521,3,5,3,211,430315
12593,1982,1355,581,3,3,0,111,310710
19570,1955,1243,1103,1,4,3,7,282320
4509,1968,735,2470,1,5,2,803,373864
18038,1989,1213,2210,2,2,2,476,417658
12229,2008,426,2546,1,1,0,873,237877
2909,2008,1377,3319,3,1,3,459,183058
13749,1997,1965,1402,2,2,0,252,126478
2284,1990,1692,864,3,2,2,525,455377
9596,1962,1021,662,1,5,0,751,463905
9060,1994,1070,3619,2,2,3,437,177101
14033,2002,604,3058,3,4,2,753,406843
8843,1991,401,3900,2,3,1,980,241996
8706,2012,237,2363,2,2,2,853,411417
7301,1976,1141,615,1,2,1,660,255380
18421,1987,1995,3488,3,4,0,235,282200
7486,2009,387,2884,2,1,0,305,113745
19725,1956,1280,1380,2,1,3,477,182283
12147,1954,1140,3284,3,5,1,678,443445
10216,1994,1243,1339,2,4,0,19,431116
13823,2007,472,2694,2,3,1,215,491758
6280,1980,1342,1846,2,3,0,854,457561
3868,1972,782,2990,3,4,2,134,151489
13539,1991,715,3384,3,3,0,904,81819
8155,1959,1444,1536,3,1,3,128,97779
9673,1981,725,1442,3,3,2,409,263493
5995,2002,1738,2224,1,3,3,421,404388
12393,1979,1951,2834,2,4,2,293,115584
14903,1988,1964,3267,3,4,1,245,463166
14621,1980,535,1637,2,3,3,700,196245
12466,1951,897,3027,2,2,0,555,298815
2353,1961,1278,521,1,4,1,85,370176
18458,1988,699,3920,3,5,0,555,427218
19032,2015,1099,2249,3,5,2,841,411417
11407,1962,965,1182,2,1,2,374,340180
6277,1995,735,3453,3,3,0,445,304957
16838,1976,361,2333,2,2,0,377,121356
3991,1966,1893,2867,2,1,1,389,195364
16828,2009,793,625,1,3,0,656,53052
16099,2013,358,776,1,4,3,50,356521
4551,1984,1411,2499,1,5,3,241,248910
17479,2019,259,1727,2,2,0,293,379963
17888,1979,1114,2741,3,5,3,919,425833
2376,2020,1542,1195,1,4,0,562,196692
5642,2012,410,1809,3,3,1,265,80461
16702,1977,605,556,1,4,3,119,332894
8466,2009,863,3874,1,4,3,711,59472
8579,1986,1332,3734,2,5,0,916,381407
9487,1971,1299,518,1,2,3,247,162036
8299,2017,741,3941,1,4,2,69,238674
5965,1969,1537,2811,2,5,1,852,337667
18519,2017,1197,3341,3,2,1,56,211838
14917,2013,1340,612,1,3,3,381,415406
19577,1966,1126,3898,2,3,3,38,116060
9811,1961,1067,1041,1,1,2,983,321223
18714,1971,1927,3194,2,5,2,800,189471
15598,1966,218,1078,3,2,3,442,372870
6677,1959,631,1588,3,4,3,17,405050
15762,2014,1908,3863,2,3,2,951,328676
9808,1971,939,524,2,2,0,731,434833
7449,1999,1573,2072,2,5,2,824,93162
2650,1963,382,2548,3,1,0,755,446965
3431,2013,312,3458,1,3,1,351,323497
10704,1996,1406,2072,3,2,1,971,162313
19548,1978,680,640,2,2,2,815,78477
2581,1985,1369,2267,2,2,0,297,205642
18396,2001,1030,1147,3,5,2,282,136373
14907,1956,1851,2735,2,5,2,585,454653
9305,1978,1336,3699,3,5,0,109,219176
6737,1960,962,700,2,4,2,179,244442
18443,1982,675,3698,1,2,1,937,54551
14275,1955,962,756,1,3,3,543,118359
17744,1981,1526,1046,2,5,3,745,498096
14684,2000,1170,2741,3,5,2,793,193988
4843,2007,1219,3250,1,2,0,24,176150
15000,1975,1341,3675,3,5,0,842,222517
11162,1995,360,3836,2,4,1,790,359780
18464,1978,600,1301,3,4,0,737,341829
16625,1953,397,1441,1,5,0,56,363278
9630,1962,1483,3955,3,2,1,179,401060
3179,1988,859,3831,3,2,2,231,157967
5006,1964,1975,913,2,2,3,893,144455
14784,1978,1270,2514,2,1,1,342,308835
8753,1978,598,1881,2,5,2,476,483209
10935,1981,1933,1598,1,2,1,798,225405
12810,1951,1782,3926,1,4,2,575,289646
14796,1996,277,1409,2,3,1,454,239937
14745,1971,323,687,2,3,2,231,361900
12651,1976,274,2515,1,2,1,288,435007
11957,2016,336,1813,1,3,2,212,111192
3979,2005,801,2592,1,3,1,257,241758
5952,1970,1623,2630,1,1,3,529,360877
7381,1996,1036,1646,2,4,3,686,285161
15569,2008,1728,857,1,4,0,928,338137
4349,1955,699,2051,2,1,2,228,211564
8890,1968,1796,1589,3,1,1,225,202053
13422,2006,337,3483,3,3,2,595,336287
3989,2018,249,2180,1,5,3,802,241349
11323,1952,1994,2922,3,3,2,434,157044
10707,1950,1172,661,3,1,1,881,231062
11040,2007,1842,3951,3,4,2,757,178406
17864,1987,1848,3929,1,3,1,401,119351
6111,1964,453,3759,1,5,3,621,231071
7378,1983,1853,2869,3,3,3,765,284085
17847,2010,909,949,2,2,3,87,283883
2351,1984,762,1997,3,3,0,583,120309
19571,2013,956,1536,1,1,3,892,455662
8333,1974,1649,2731,1,4,2,541,211805
13438,1973,746,2658,1,4,0,683,169156
3927,1961,1525,2450,3,1,3,308,388144
5500,1967,1121,3055,2,2,2,905,491848
6552,1964,780,1813,1,1,2,342,71576
4238,1976,1572,2842,1,3,2,435,53320
6887,2021,248,3451,3,1,1,176,191822
9502,2009,1116,1738,2,1,0,138,153002
7036,1995,1297,1473,3,2,2,193,234535
14979,1966,903,1131,1,3,1,185,76572
5413,2002,460,2090,2,5,3,217,330092
18950,1957,555,1550,2,5,2,163,166528
12136,1976,1805,3280,1,4,1,160,219898
7226,1995,1825,3802,2,1,2,942,139051
4873,1999,1483,2088,2,4,0,524,340011
13661,2020,837,2868,3,2,0,807,241303
3582,1952,942,3460,1,5,3,600,272428
17781,2013,1518,3804,1,1,2,835,307412
16805,1993,1209,2193,1,2,1,41,253305
11317,2002,1130,936,1,2,3,914,356822
12761,1973,840,3328,1,1,2,209,419705
1917,2009,991,2056,2,2,3,740,325107
10308,1952,1536,3974,3,1,1,861,99434
4767,1969,811,1576,1,1,3,274,116617
18709,1995,1008,3884,3,3,3,953,463485
7245,1964,1405,1804,3,4,3,278,167569
12838,1974,885,3273,2,2,2,250,257384
1912,2020,1587,2578,1,2,1,309,409496
9043,1966,387,2884,2,3,0,719,391876
9087,1958,1792,682,1,3,2,832,419792
2228,1987,1766,3594,2,3,0,139,131494
13157,1997,1819,3091,3,5,0,791,269977
7488,2009,1887,1969,1,5,2,545,127225
4467,2012,1184,3645,3,5,2,820,132867
16027,1951,747,3581,3,1,1,903,218600
17548,2021,924,1979,2,2,1,529,305669
19006,1960,1125,2089,1,4,3,56,391116
19455,2013,1631,2087,3,1,0,111,408405
6573,2021,1075,1159,2,2,1,4,140748
6604,1970,817,659,1,2,3,409,304265
3643,1967,613,3585,1,3,1,413,214404
8857,2013,1565,3749,3,3,2,181,436625
13543,1987,1443,2959,1,1,1,12,179529
4940,1981,1102,1511,3,3,0,338,314395
7144,1960,362,552,1,2,1,796,488933
12018,1994,1443,2955,2,3,0,258,411252
16052,1982,469,3394,3,5,2,89,208099
4414,1990,831,1545,3,3,0,615,147382
15084,1957,1105,1553,1,2,1,890,59583
13644,1960,1623,3250,1,1,3,697,100387
15897,2000,1405,2807,3,4,2,249,335248
10287,1990,1841,1728,1,3,1,254,62224
15691,1966,1952,3630,2,2,2,587,372768
2228,1995,404,1994,1,4,2,897,499274
19249,1981,781,3323,2,4,1,970,416464
2198,2003,1779,1989,2,5,1,107,277444
8686,1969,1040,1535,2,4,3,667,472515
16012,1982,1451,2450,2,2,2,593,390716
15423,1989,1919,3861,2,2,2,588,397613
18279,1981,1842,1349,1,3,1,484,390072
8900,1951,795,853,2,3,0,981,316285
5671,1982,449,1598,1,3,1,971,204422
5860,1979,1074,3420,2,4,2,257,383015
4002,1982,1664,2239,3,4,1,638,186149
18601,1975,1756,1964,2,5,3,996,96015
6986,1971,395,1490,3,3,0,902,221929
9835,2015,889,1764,2,1,1,281,282268
5991,1987,1742,3565,2,5,3,985,240912
12630,1995,1293,2384,2,1,2,87,372046
9151,1964,838,3725,3,4,1,203,55577
2667,1993,1622,2309,3,5,2,15,332146
2562,1998,871,3667,2,5,3,150,100711
12674,2010,1983,2841,1,2,2,935,89451
6229,2016,1426,2756,2,4,3,253,230175
10848,1955,1371,3914,3,4,3,187,471863
6834,1958,1695,1611,2,5,3,328,84831
10424,1955,1878,1317,3,4,1,543,299402
5830,2022,1143,2299,3,5,2,782,281376
8301,1981,398,2460,3,2,2,996,408642
6346,1990,1649,2937,2,5,0,396,441093
8231,1957,1889,2872,3,4,0,516,294942
16868,2021,691,3487,3,4,0,458,145119
18837,1999,1095,1388,2,5,0,329,378974
4039,2011,341,2355,3,5,2,819,392776
8556,2011,1536,1680,2,5,3,844,348977
13016,1956,364,1167,3,3,3,168,293466
12993,1953,513,1132,1,4,1,692,273936
3042,1955,220,3124,1,4,3,365,336542
15464,2007,1305,2142,3,3,2,177,111554
19075,1971,1804,636,1,5,2,654,100755
7813,1975,1354,2446,2,2,2,361,460922
19424,1952,1822,2197,1,5,1,759,203412
15307,1990,1953,927,3,5,0,638,377138
11080,2009,1183,1975,3,3,3,774,113884
19249,1963,504,3159,2,4,2,39,396505
10191,1961,570,3458,3,5,2,923,67482
8994,1961,1052,1318,2,4,0,415,104225
5812,1962,583,2688,1,1,2,354,239921
2824,1974,644,1606,1,4,3,254,124854
4641,1994,624,2724,2,2,1,142,91256
3310,1968,360,697,2,2,2,751,290617
8088,2004,1401,3171,3,5,3,739,158721
6801,1994,828,2495,1,4,2,852,131110
16985,1957,1931,3238,2,5,0,709,163606
13214,2002,1094,3992,1,3,2,576,64650
6248,2004,689,2948,2,2,2,899,227190
10935,1981,1216,970,1,5,1,10,78930
5209,2000,526,2765,3,3,0,619,266779
14616,1993,797,2448,1,5,0,25,310102
11076,2019,1214,1428,1,4,1,956,412544
11650,1967,488,2510,1,4,2,420,323945
8030,1971,792,3179,1,4,3,662,101360
11688,1986,1887,3498,1,4,0,220,400052
16183,2005,1796,1405,3,1,0,852,197631
2004,2008,772,2722,2,3,2,495,344478
2714,1952,1577,522,1,3,2,236,286545
3031,1977,227,734,3,4,0,236,63288
2323,1984,1153,3584,1,1,2,218,203470
18812,2010,242,1624,1,4,3,486,257302
6529,2003,1904,1428,2,1,0,935,324335
14928,2012,622,1022,1,4,3,460,330195
18017,1956,1821,2308,3,2,3,662,111715
3605,1998,376,930,3,2,2,634,60737
5127,1980,728,1292,2,5,3,143,115140
14472,2007,1833,2129,1,4,2,989,206323
3352,2010,1165,2236,3,3,1,188,232047
6410,1973,1717,1032,1,5,2,254,317291
12503,1969,397,3526,1,2,3,67,100508
15343,1986,809,2246,1,4,1,615,364368
13204,1953,1800,2175,2,5,2,335,331787
17261,1969,1041,1816,1,4,3,670,351111
7690,2009,1052,3357,3,2,0,820,153535
19140,1973,1740,1412,1,5,0,873,352877
7145,1999,1737,1624,3,2,2,408,346952
11088,1998,221,2025,1,1,2,299,248360
13329,2000,1335,1827,3,2,0,907,108959
9553,1985,1280,3418,3,4,3,601,445065
4830,2015,1289,3087,1,3,3,356,380322
10162,1983,1041,1523,1,2,3,255,248208
8614,1985,297,2076,3,3,2,352,241812
14823,1955,1367,1878,2,1,1,731,162255
2853,1988,634,3874,1,5,1,520,136322
12475,1991,836,2019,2,5,1,523,356709
12523,2007,1902,2181,1,3,1,836,463399
2167,1961,1309,2497,1,5,1,949,51132
10837,1952,787,726,1,2,2,755,219331
15159,1967,543,1759,1,3,2,693,277684
5219,1989,1517,1372,2,4,1,283,375812
8983,1970,770,1391,1,2,2,311,309427
2039,1964,1873,1978,3,2,2,98,481779
6464,1975,810,1536,3,2,1,196,158835
6335,1957,1927,2757,2,4,3,481,192003
7542,1991,442,3288,1,1,2,877,308228
16337,1993,760,896,3,5,3,225,123169
8812,1963,1159,1623,2,3,2,844,310529
6820,1951,231,2578,1,1,2,614,493855
14716,1986,590,3445,3,3,1,617,303608
4279,2018,476,1148,3,5,2,364,284385
18808,1987,731,828,2,4,0,367,239973
3081,1990,1377,3737,1,2,0,569,150417
14177,2011,582,1982,1,2,1,589,51044
7213,2009,1291,1451,3,4,3,74,227763
18139,1963,1083,2505,3,1,3,41,281807
6304,1951,413,2516,3,1,3,421,74363
19722,2019,1878,3671,1,3,0,835,358838
11636,1966,575,3168,2,4,3,180,444798
1509,1977,943,2378,2,1,3,544,333445
6624,2015,412,1696,1,4,1,70,386473
2515,1984,278,2272,2,5,3,567,51620
3693,1954,1949,661,3,2,0,104,374368
9915,2014,827,2251,2,2,0,199,499871
15050,1989,803,1275,2,2,0,100,145419
16012,2005,981,3834,2,4,1,767,218606
5658,1985,1604,2327,3,4,1,306,432194
8470,1994,1200,2821,1,3,2,585,482606
8438,1972,879,3574,3,2,3,682,252701
15272,1996,257,1551,1,3,1,376,368000
19517,1980,1249,2873,1,2,0,654,230324
11844,1960,1080,1439,1,3,0,677,367953
8766,1959,646,3720,2,3,1,398,72259
10202,2016,265,1039,2,5,1,772,70655
1884,1963,1983,3035,1,3,1,220,476221
1904,1959,1477,1321,1,4,2,594,474845
9675,1950,1267,1961,2,3,0,181,466826
16658,1954,1320,1588,3,2,2,306,71602
14263,1969,1777,855,1,3,2,521,398089
19884,1957,1211,3823,3,1,3,395,192182
11360,1992,426,734,2,2,0,3,449289
7489,1950,973,2774,1,1,0,862,412990
16606,2006,878,2048,3,2,1,913,392962
19344,2013,1659,3884,3,4,1,847,453411
5136,1977,800,2596,3,4,3,999,51537
12416,1986,578,617,2,4,2,803,460354
6309,1996,1401,2601,2,1,1,280,487544
14956,1986,1650,2173,3,5,1,214,306210
16944,1998,908,3112,3,2,0,971,227274
7497,1993,506,1567,2,4,0,609,221236
3548,2005,978,2600,3,2,1,419,438689
13838,1977,703,1057,3,1,0,100,139743
18600,1955,467,3673,2,5,3,962,497875
6044,2010,1809,2315,3,1,1,520,136155
6476,1969,207,2505,3,2,0,572,492908
14275,1951,707,3415,3,5,3,308,432342
11515,2022,675,897,2,5,0,657,468061
4919,1986,1520,3709,3,1,0,938,139846
15930,1969,363,1174,2,4,0,930,284507
8739,1975,684,886,2,2,1,509,342706
15989,1978,1820,2658,1,3,2,62,340180
18133,1950,1295,3161,1,3,0,632,241824
11857,1984,766,2564,3,1,3,225,386377
18654,2019,1104,3753,2,2,1,104,133049
5863,2008,758,1383,1,2,1,973,289647
11676,2018,437,1040,3,1,3,771,380825
18961,1982,1327,670,1,2,0,860,339962
9927,2000,1433,2956,1,4,2,424,473760
10080,1961,753,1239,2,1,0,254,374676
6358,1969,1027,1901,2,4,3,428,369849
11540,2002,667,3759,1,2,1,433,70104
16754,1992,1677,3405,1,1,2,206,436480
12970,1999,1491,2777,2,2,1,27,177904
2752,1978,585,618,3,1,3,681,381747
8496,2006,974,3727,2,2,0,335,152499
13673,1988,1047,3331,1,4,2,587,371169
6173,2005,586,3012,3,4,1,627,277336
17281,1992,1076,2651,1,2,1,68,344461
14551,1999,458,3245,3,1,1,865,474632
8381,1972,482,2495,1,3,0,745,223084
8449,1993,1849,2205,3,4,2,512,417729
11021,1987,239,2222,3,4,0,166,202472
9517,1972,685,2722,1,3,0,863,360414
8441,1994,1128,3292,3,2,0,729,253141
11709,2001,419,2197,2,1,3,784,169415
19215,1999,1352,1944,1,2,3,367,493049
11050,1957,1214,3705,2,5,3,250,244716
6137,1950,1223,3962,1,4,2,858,130206
6354,1957,1743,2259,3,5,0,855,381612
11820,1978,812,2024,3,4,0,930,240545
6392,1954,1127,1164,3,4,3,685,489025
8543,1996,887,532,1,5,0,169,481544
18021,1983,1842,2602,2,5,0,757,480000
5664,2014,812,3066,2,2,1,934,73723
9441,2004,459,3303,1,5,0,89,372790
15888,1992,1189,2559,1,2,1,560,247327
7069,1979,1165,2051,2,2,0,445,50074
5800,1966,565,1219,2,2,2,293,305245
7769,1975,1981,3102,2,4,3,918,338642
5318,1957,743,2920,2,4,1,149,246594
13515,1996,848,983,1,5,3,131,146881
13734,2021,1747,1472,1,4,1,432,463757
19790,1995,1013,3799,3,5,1,58,95929
7754,2017,1239,3170,2,4,1,968,173199
18644,1982,1352,806,3,1,2,835,281525
8850,1950,774,956,1,1,0,198,338172
16683,1968,1332,2707,1,5,1,214,79545
7738,1980,1212,830,3,4,2,897,129569
7590,1963,1756,3323,2,4,1,560,81673
13137,2002,869,724,2,2,0,471,474190
14147,1997,468,3530,2,3,1,743,466313
11411,2018,1385,3276,2,5,2,246,414655
9972,2011,1483,1979,3,3,0,381,405288
19771,2015,1123,3616,3,3,2,990,376968
4766,2013,1325,3785,1,5,0,238,73525
2166,2019,1729,1582,2,4,0,926,107804
5688,2012,1958,1143,2,5,3,366,196115
18555,2022,1794,1115,2,3,3,167,91846
11661,1982,446,694,3,4,3,559,127261
12814,1990,1863,988,2,1,0,50,283312
14391,1997,1760,2704,3,5,1,810,493443
6277,1962,330,3157,2,5,2,609,234100
5400,2022,552,1749,2,4,2,950,480599
15216,1980,395,2959,1,1,2,727,341627
8481,2017,1129,3776,2,1,3,688,57265
7876,1953,1889,1602,2,4,0,379,334907
18407,1968,1605,1647,1,2,3,473,256724
11660,2019,1221,3018,3,5,1,79,65733
15624,1962,844,1741,3,5,0,696,424340
17782,1972,426,1015,2,3,2,366,141038
11988,1950,900,2125,3,4,3,460,349564
6740,2003,1699,1627,2,3,3,910,190319
11953,2020,1700,892,1,3,1,538,467056
11978,1964,464,1130,1,1,1,451,71058
13894,2014,1595,2347,2,5,3,463,296301
5932,2020,1709,3155,1,3,1,959,347073
15068,1964,1657,1479,1,1,2,477,212434
15678,1970,845,933,2,4,1,925,136489
19160,1968,410,3902,2,3,1,419,134664
1802,2009,1795,3714,1,5,3,706,228428
18522,1982,1600,3087,3,3,3,213,127597
1555,1998,1618,777,3,4,0,368,318185
14513,1984,1673,732,2,3,0,853,128209
10217,1993,1142,2052,2,5,3,113,308109
9650,1960,1587,2094,3,1,1,753,242941
3625,2021,656,1613,1,5,1,502,202131
12979,2015,924,3770,3,1,0,635,149864
17245,1995,1951,2909,3,2,0,816,487938
18248,1958,1449,525,3,5,0,587,198620
8309,1952,1181,3596,3,5,2,310,458294
6121,1975,1354,1917,2,4,2,468,448635
16534,2021,787,3054,2,3,0,823,216562
15123,1997,675,3872,1,1,1,707,257158
6626,2015,1185,3910,1,1,0,862,165158
6622,2019,1500,2814,1,4,2,43,473553
19530,1977,355,960,1,4,1,414,51468
18802,1975,1983,3003,3,3,2,697,336453
7370,1974,1441,3931,2,3,1,854,122255
3031,1961,389,1591,2,5,2,245,308078
9672,1954,1640,1506,1,2,1,948,394043
9173,1997,1180,3410,1,3,1,83,78718
8382,1986,1898,3983,3,4,1,206,275409
3406,1993,1915,2494,3,3,1,150,289967
4586,1964,745,990,1,1,3,667,218913
15003,1992,240,1572,2,2,2,527,264637
9652,1997,506,3111,2,5,2,164,489876
7250,2019,1142,3673,2,1,3,916,418697
14272,1995,537,715,1,1,1,974,362425
11767,1992,1537,2223,2,2,1,144,425595
2562,1970,1298,2092,3,5,2,36,297113
19860,1972,1152,3106,3,4,3,332,312911
19180,1996,478,658,1,5,1,402,447111
7729,1964,1399,3036,3,3,1,413,108026
18009,1974,1095,1185,1,1,1,44,430286
16647,1985,1885,3813,2,3,0,401,92968
6132,2000,472,3341,2,4,3,205,221169
7788,1964,1036,2276,2,3,1,61,458548
5096,2017,819,2552,3,5,0,419,195693
12975,1970,1874,2343,1,3,3,867,126870
7668,1962,1061,2908,2,4,1,467,68174
11295,1968,1130,3006,1,4,2,819,436501
9061,1983,488,2795,2,4,0,18,411333
9758,2017,923,2089,3,5,0,364,90502
18116,2001,1092,2196,3,4,1,299,348818
7871,1976,471,3493,1,1,1,6,87260
15869,1978,1289,2969,3,4,0,760,485714
14410,1977,682,2446,3,3,2,427,248681
9443,1984,1135,2562,1,3,2,116,230536
13699,1957,447,3283,2,3,3,579,121805
17228,1965,355,1645,3,5,1,506,245991
8238,1985,1270,2824,1,3,2,545,309636
17413,1979,653,2081,3,5,3,705,235541
3972,1967,400,3000,3,5,2,324,67194
17179,1951,1883,3961,3,4,1,54,207883
3261,1998,323,3865,3,1,3,777,384521
11667,1953,200,3145,1,4,3,991,180864
12054,1956,1167,2993,1,4,3,41,93723
18760,1988,1982,2757,1,5,2,296,281408
15777,1962,1054,3261,3,5,1,972,292113
5312,1980,839,2849,3,3,3,230,126298
19344,2020,390,2432,3,3,0,452,109238
19617,2012,1802,3794,1,4,1,889,309425
3105,2005,715,2257,3,2,0,393,155433
7122,1991,641,2550,2,2,0,521,157092
8267,2010,342,1489,3,3,3,357,314291
13113,1991,1414,2041,2,2,3,986,279991
12089,2005,732,1616,3,3,2,443,350589
15418,1985,426,3067,1,5,2,127,234875
14546,2017,1536,3999,3,4,2,690,242180
4090,1956,1852,992,2,1,1,404,156170
18947,2003,1148,3806,2,4,2,391,445229
5824,1950,1525,1119,3,3,0,192,397761
12287,1993,1877,3732,2,3,2,603,263482
10611,1994,659,2878,2,4,3,880,365646
6842,1996,1624,2880,1,3,2,742,167116
17889,1962,750,2597,3,2,1,77,349899
10159,1971,592,2046,3,2,1,84,189805
15543,1970,1987,1362,3,3,0,29,321623
10337,1958,1044,2191,2,3,1,724,125361
1617,1975,1430,2105,3,2,2,48,202376
15417,1958,409,2819,3,3,3,776,478910
15809,1964,1338,1079,1,3,1,144,174232
14734,1959,1960,2390,1,4,0,68,417730
7060,1991,845,1775,1,1,2,57,131171
2346,2021,1474,3107,2,2,0,696,426295
12454,1973,418,3243,3,4,1,573,136296
15203,1998,606,2355,1,1,1,478,190562
16885,1975,1666,3661,1,3,0,819,202324
15246,1986,1826,2993,1,3,2,444,187934
7969,2017,1577,3564,3,4,1,295,291535
10833,1999,1087,1855,3,3,3,677,382103
18108,1973,757,1662,3,5,1,170,453666
14319,1968,749,856,2,4,2,574,368166
5708,2009,341,2124,2,1,1,146,308970
7783,1988,811,2821,1,4,0,483,374135
3548,1967,700,3590,3,2,1,305,221999
7733,1968,1039,2506,1,4,1,672,281449
14441,1985,901,2858,3,3,2,652,361997
14107,2004,1770,1369,3,3,0,845,81826
11265,2018,1882,1385,3,5,2,608,355023
3328,1996,1765,2501,2,5,1,445,238337
3417,1998,1730,2701,2,5,3,220,122361
8488,1982,795,1913,3,1,1,554,290028
19910,1970,480,1783,1,5,2,944,390134
16094,1971,623,1119,3,1,3,803,401931
14477,1997,1055,1382,3,5,2,377,267256
1509,1986,469,1296,1,1,2,619,90736
18144,1964,353,2672,3,4,0,265,336674
11365,1984,813,3925,1,4,3,94,259124
3719,2020,1950,1796,2,3,1,261,228130
8541,1981,861,1118,2,1,2,824,156080
19944,1960,282,2334,1,2,1,896,386399
6787,1959,1845,744,2,3,0,70,185958
3119,2022,1146,3395,2,4,0,953,438742
10012,2006,1098,2997,1,1,3,218,274793
2842,1974,1649,1429,2,5,0,532,168623
12068,1951,1498,1770,3,2,0,91,349531
19878,2013,1936,1019,3,4,1,126,202647
15731,1984,483,3712,1,3,0,79,162260
4990,1956,1179,2909,2,1,0,823,482859
10810,1967,372,507,3,2,2,237,453316
9484,2016,1550,3025,3,1,0,982,451072
19488,1991,1941,3923,2,5,2,371,481385
13719,1988,1286,2519,2,3,0,915,472020
1735,1990,1296,994,3,1,0,485,216862
11661,1973,962,2129,3,4,3,693,343132
3408,2009,1859,3380,1,3,3,24,388592
10067,1995,1598,3998,1,4,2,155,481722
5030,1968,832,1562,3,1,0,516,425574
6756,2017,1731,3140,1,3,1,631,268976
9662,1991,986,686,3,4,3,788,455521
6915,1981,1142,3301,3,5,1,529,191041
4891,1988,1211,2377,1,5,3,942,324548
12657,1985,597,2640,1,1,3,709,452205
7451,1985,1343,585,2,3,0,56,479199
9507,1952,1133,3615,2,2,3,604,291356
10564,2022,1660,636,2,3,1,18,220534
17024,1957,875,2968,3,5,3,383,331504
1577,2019,1135,2621,1,4,2,864,397801
9077,1990,664,2136,3,2,0,192,469503
18484,2017,485,3727,1,1,0,236,246544
15560,1962,464,3826,3,2,2,386,296512
18949,1998,519,2718,2,1,2,425,290037
12035,2009,872,2251,2,2,2,276,84160
11010,1951,1599,2717,2,1,3,226,318933
8443,2009,1019,2287,3,1,0,744,208253
13454,1954,288,1371,1,2,2,551,195457
9304,1993,1877,2869,1,2,3,322,394741
8065,1976,1426,3003,2,1,2,152,115641
7484,1981,1020,1443,2,5,1,638,356391
6170,1970,1962,2126,2,2,1,236,136673
10684,1957,1200,3337,2,3,0,997,281322
3692,2021,533,3160,1,4,3,54,317688
2748,1999,421,3726,3,1,1,979,296855
12746,2016,240,3436,3,1,1,435,456491
14290,1993,1931,848,3,4,3,683,286361
19881,2007,267,2176,3,5,2,108,113248
5187,1952,1187,1696,2,4,3,865,346694
5518,2019,1999,509,2,2,2,980,365837
12802,1951,713,3287,2,4,1,183,441068
3470,1993,1860,3836,3,1,1,950,462857
9889,1951,1845,1961,2,4,1,367,252821
19086,1984,1821,3818,2,3,0,982,305949
16874,1979,1855,1166,1,2,0,197,392165
7288,1957,1350,3093,1,4,0,370,327749
6908,1971,1478,2022,2,1,3,372,100713
10946,1993,894,2676,1,2,1,972,463606
2422,2007,1239,1100,1,1,1,496,387547
1919,1985,676,3152,2,5,3,598,370610
12289,2018,1285,826,2,3,0,200,53981
2620,1980,1080,1479,2,5,3,848,452709
12760,1996,631,2951,2,3,0,508,427775
18834,2004,1893,1128,3,4,1,321,431382
3836,2011,467,2129,3,2,2,274,145335
6873,1979,1258,3930,2,4,0,210,157441
3743,2004,978,3265,1,3,1,503,66984
6112,1965,1799,3588,2,3,1,902,175580
15446,1961,693,773,2,3,2,117,423460
19749,1966,1785,1184,1,1,1,702,465976
12604,1965,1692,615,3,2,1,553,182596
14929,1961,1990,1360,2,4,0,41,168454
7871,1957,860,2503,2,4,0,314,99402
7859,1952,1548,1192,3,5,2,787,141656
9363,1965,1527,3662,3,3,2,328,115614
4728,1979,1499,1605,1,3,1,16,216963
15882,1972,1907,2871,3,3,0,282,403153
4391,1954,1212,3508,3,4,2,942,483048
5256,2014,1424,2661,3,5,2,257,357980
17270,1979,1668,2292,1,1,3,574,456578
17978,1970,1547,3629,3,2,2,573,481137
4174,2019,1258,653,3,1,1,611,308789
8398,1971,1176,2400,1,4,0,18,461778
11647,2021,681,1927,3,3,2,528,181049
2293,1981,927,1789,3,2,3,836,388551
3616,1982,679,814,1,4,0,422,319754
7279,1965,1288,1564,2,4,2,465,159381
13798,1987,1231,604,1,4,3,372,65791
15653,1963,1524,2424,3,2,2,757,108047
12611,1985,542,2413,3,2,0,762,284898
12289,1972,1654,1716,3,5,0,966,200737
12897,2015,1647,1924,1,5,0,80,120246
14499,1951,531,3849,3,1,1,550,246936
2314,2022,637,2901,3,2,2,547,489667
18229,2014,1811,3563,1,2,1,423,284955
12041,2016,373,2272,2,2,0,428,398292
3943,2001,758,2460,2,5,3,387,95890
11957,2011,726,3280,3,4,2,997,450010
11880,1972,858,2103,1,3,1,920,82888
9283,1975,225,1208,3,5,2,708,187821
12973,2017,1019,3827,1,2,3,669,96531
18868,2004,804,1150,1,5,1,203,427796
16828,1955,605,3371,2,1,0,195,332752
2327,1984,431,1446,2,2,1,727,393130
8647,1971,732,1160,1,1,2,284,396140
5951,1992,1773,2646,3,2,2,968,106017
16843,1964,704,3135,2,5,2,195,107676
15135,2009,1892,2829,3,4,2,306,61560
7459,1961,378,2950,2,3,0,663,497617
1626,1998,331,1632,2,1,1,13,100468
10295,1991,1678,1199,3,5,0,836,213535
13141,1987,547,2746,2,4,0,145,474879
8696,1994,739,3874,2,5,0,937,345267
13059,1984,971,2538,3,1,2,56,144346
4868,1979,1629,2874,2,3,2,722,190790
5297,1979,275,2701,2,5,2,779,243709
16614,1955,778,1051,2,2,1,209,312172
15218,2016,1053,904,3,4,3,528,97599
3292,1956,1715,961,1,5,2,797,198469
12553,2001,393,2679,3,4,1,343,290270
4976,1963,1385,3338,1,2,2,714,95406
4917,2022,546,1373,2,3,2,610,359801
3145,1964,1150,583,1,3,0,278,117560
16255,1970,1584,1922,3,2,0,208,154143
4572,1984,1992,3301,3,4,0,640,194575
3354,2015,1807,3175,2,5,1,334,104943
6162,1951,1310,3680,1,2,3,287,125839
8014,1984,1485,720,2,1,3,251,132674
4208,1969,413,3100,2,4,1,264,75345
13194,1959,1888,1891,3,3,2,270,299495
11024,1974,1945,3718,1,2,1,923,100390
7956,2015,772,611,1,3,2,919,276113
5712,1974,979,1114,1,4,1,699,371701
14724,2003,461,2081,1,3,1,418,51906
9470,1982,929,3471,2,2,1,725,483383
18420,1985,482,974,2,4,3,794,57961
3125,1963,1871,3383,3,1,0,210,207212
11814,2014,1690,2413,2,2,1,364,431433
9473,2003,1603,770,2,5,3,75,239773
10077,2001,561,2968,3,2,0,659,389711
9570,1952,1672,2420,3,4,0,320,392808
10166,1990,640,3254,3,2,1,724,131199
5100,1955,292,1890,2,1,2,432,310928
8283,1974,1844,3851,2,1,2,108,149764
14726,1962,952,3854,3,5,2,640,172357
10646,1957,1066,539,3,3,1,521,392873
6471,1970,1647,2482,3,4,2,46,471777
14990,2017,341,2736,2,4,3,378,362712
19089,1974,1514,3735,2,3,3,826,421493
14451,2017,1655,1493,1,1,3,95,385446
13812,1994,948,2512,2,1,3,957,144968
3490,2009,1912,3083,2,2,0,102,210576
6799,1961,852,3575,2,5,3,891,428260
14497,1981,900,789,3,5,2,853,349290
14972,1962,1197,2980,2,5,1,145,90297
5880,1980,248,3018,3,2,2,879,136394
6257,1969,1525,3752,1,5,3,941,439317
11895,1967,1080,3819,1,3,0,927,438086
17741,2009,1413,3175,3,2,3,26,66939
7088,2012,1359,778,3,3,1,731,493931
18850,1955,754,3424,3,2,2,529,356604
6444,1981,603,1080,2,5,1,678,249294
14895,1992,1091,1362,1,3,1,944,455882
18572,1951,1064,753,3,3,1,988,112119
5743,2009,801,680,2,3,2,81,216393
11416,1972,540,1180,1,2,3,427,444995
11484,1980,1980,1324,2,4,1,583,194258
3259,1954,903,1199,1,5,2,821,459675
10681,1983,517,3113,2,3,0,478,268827
3982,1959,817,1849,1,4,2,765,317201
2451,1951,1586,1880,1,5,0,161,199805
3579,1960,581,2173,2,5,2,838,331301
4217,1999,432,3227,3,3,3,931,347174
11192,1980,1567,2938,1,3,1,401,200685
8811,2005,1772,2138,3,2,3,507,158612
19949,2022,1016,2457,2,4,2,37,427224
2268,1958,752,3656,3,4,1,954,395172
6990,1970,1752,3888,3,3,0,510,186260
17034,2022,1055,711,3,5,2,392,288178
8145,1977,1018,2038,3,3,1,712,309418
6732,2011,1794,883,3,5,0,493,79680
12985,1956,382,2214,1,5,0,199,284433
7297,1965,1264,841,1,3,3,254,414446
13842,1953,1774,2338,1,1,2,178,498934
9538,1953,596,2487,2,4,0,546,86445
17502,1989,1927,1343,3,5,1,593,55796
14587,1966,978,3609,1,5,0,388,359362
6373,2001,1717,2034,2,1,0,397,220203
2981,2001,1882,919,1,2,3,731,451339
11593,1985,1106,3298,1,1,3,157,189294
15922,1987,1556,3740,3,1,1,3,336218
17938,1999,326,2488,2,5,3,166,428232
9143,2012,1781,2432,3,4,0,467,473041
17208,2012,1780,3914,3,1,0,959,348983
12771,2011,200,2349,1,2,3,408,419256
18716,1956,1391,805,3,3,0,411,439658
14100,1976,1843,3249,2,1,0,203,118322
12498,1963,218,1368,3,1,1,193,368465
15795,2020,1555,3084,3,2,3,234,280246
12182,1954,783,1635,3,4,0,717,160100
17880,2004,655,1934,1,1,3,149,469204
10019,1951,1156,705,2,1,1,158,347651
4800,2011,1332,3756,1,4,3,278,149244
8222,1970,1491,3953,1,2,0,815,437932
8718,1970,644,995,1,1,3,403,407395
4554,1959,1463,3950,1,4,0,892,335950
15075,2007,1524,3618,1,1,0,677,180364
9470,1988,801,2409,2,3,0,310,349045
3643,1954,302,3051,3,5,1,67,460259
11003,2014,1187,1545,1,3,3,462,452968
16649,1962,1473,712,1,1,1,87,250065
